Country Name;Country Code;Year;Value

Albanien;ALB;1996;27
Albanien;ALB;2002;31,7
Albanien;ALB;2005;30,6
Albanien;ALB;2008;30
Albanien;ALB;2012;29
Albanien;ALB;2014;34,6
Albanien;ALB;2015;32,9
Albanien;ALB;2016;33,7
Albanien;ALB;2017;33,2
Armenien;ARM;1999;36,2
Armenien;ARM;2001;35,4
Armenien;ARM;2002;34,8
Armenien;ARM;2003;33
Armenien;ARM;2004;37,5
Armenien;ARM;2005;36
Armenien;ARM;2006;29,7
Armenien;ARM;2007;31,2
Armenien;ARM;2008;29,2
Armenien;ARM;2009;28
Armenien;ARM;2010;30
Armenien;ARM;2011;29,4
Armenien;ARM;2012;29,6
Armenien;ARM;2013;30,6
Armenien;ARM;2014;31,5
Armenien;ARM;2015;32,4
Armenien;ARM;2016;32,5
Armenien;ARM;2017;33,6
Armenien;ARM;2018;34,4
Armenien;ARM;2019;29,9
Austria;AUT;1995;27
Austria;AUT;1996;26
Austria;AUT;1997;25
Austria;AUT;1998;24
Austria;AUT;1999;26
Austria;AUT;2000;28,8
Austria;AUT;2001;24
Austria;AUT;2002;27,2
Austria;AUT;2003;29,5
Austria;AUT;2004;29,8
Austria;AUT;2005;28,7
Austria;AUT;2006;29,6
Austria;AUT;2007;30,6
Austria;AUT;2008;30,4
Austria;AUT;2009;31,5
Austria;AUT;2010;30,3
Austria;AUT;2011;30,8
Austria;AUT;2012;30,5
Austria;AUT;2013;30,8
Austria;AUT;2014;30,5
Austria;AUT;2015;30,5
Austria;AUT;2016;30,8
Austria;AUT;2017;29,7
Austria;AUT;2018;30,8
Austria;AUT;2019;27,5
Belgium;BEL;1995;29
Belgium;BEL;1996;28
Belgium;BEL;1997;27
Belgium;BEL;1998;27
Belgium;BEL;1999;29
Belgium;BEL;2000;33,1
Belgium;BEL;2001;28
Belgium;BEL;2002;26,3
Belgium;BEL;2003;28,1
Belgium;BEL;2004;30,5
Belgium;BEL;2005;29,3
Belgium;BEL;2006;28,1
Belgium;BEL;2007;29,2
Belgium;BEL;2008;28,4
Belgium;BEL;2009;28,6
Belgium;BEL;2010;28,4
Belgium;BEL;2011;28,1
Belgium;BEL;2012;27,5
Belgium;BEL;2013;27,7
Belgium;BEL;2014;28,1
Belgium;BEL;2015;27,7
Belgium;BEL;2016;27,6
Belgium;BEL;2017;27,4
Belgium;BEL;2018;27,2
Belgium;BEL;2019;25,1
Bosnien;BIH;2001;30
Bosnien;BIH;2004;34
Bosnien;BIH;2007;33,1
Bosnien;BIH;2011;33
Bosnien;BIH;2015;32,7
Bulgaria;BGR;1999;40,8
Bulgaria;BGR;2000;25
Bulgaria;BGR;2001;26
Bulgaria;BGR;2002;26
Bulgaria;BGR;2003;37
Bulgaria;BGR;2004;35,4
Bulgaria;BGR;2005;35,4
Bulgaria;BGR;2006;35,7
Bulgaria;BGR;2007;36,1
Bulgaria;BGR;2008;33,6
Bulgaria;BGR;2009;33,8
Bulgaria;BGR;2010;35,7
Bulgaria;BGR;2011;34,3
Bulgaria;BGR;2012;36
Bulgaria;BGR;2013;36,6
Bulgaria;BGR;2014;37,4
Bulgaria;BGR;2015;38,6
Bulgaria;BGR;2016;40,6
Bulgaria;BGR;2017;40,4
Bulgaria;BGR;2018;41,3
Bulgaria;BGR;2019;40,8
Belarus;BLR;1998;32
Belarus;BLR;1999;31,7
Belarus;BLR;2000;31,2
Belarus;BLR;2001;30,6
Belarus;BLR;2002;30,3
Belarus;BLR;2003;28,8
Belarus;BLR;2004;26,5
Belarus;BLR;2005;27,6
Belarus;BLR;2006;28,3
Belarus;BLR;2007;29,6
Belarus;BLR;2008;27,8
Belarus;BLR;2009;27,7
Belarus;BLR;2010;28,6
Belarus;BLR;2011;27,2
Belarus;BLR;2012;26,5
Belarus;BLR;2013;26,6
Belarus;BLR;2014;27,2
Belarus;BLR;2015;25,6
Belarus;BLR;2016;25,3
Belarus;BLR;2017;25,4
Belarus;BLR;2018;25,2
Belarus;BLR;2019;25,3
Swizz;CHE;1999;30,6
Swizz;CHE;2000;33,4
Swizz;CHE;2001;30,1
Swizz;CHE;2002;31,7
Swizz;CHE;2003;29,6
Swizz;CHE;2004;29,5
Swizz;CHE;2005;28,5
Swizz;CHE;2006;33,9
Swizz;CHE;2007;34,3
Swizz;CHE;2008;33,8
Swizz;CHE;2009;32,9
Swizz;CHE;2010;32,6
Swizz;CHE;2011;31,7
Swizz;CHE;2012;31,6
Swizz;CHE;2013;32,5
Swizz;CHE;2014;32,5
Swizz;CHE;2015;32,3
Swizz;CHE;2016;33
Swizz;CHE;2017;32,7
Swizz;CHE;2018;33,1
Swizz;CHE;2019;30,6
Belarus;CIS;1998;37,34
Belarus;CIS;2001;34,98
Belarus;CIS;2002;34,44
Belarus;CIS;2003;35,92
Belarus;CIS;2004;36,12
Belarus;CIS;2005;37,08
Belarus;CIS;2006;36,54
Belarus;CIS;2007;36,7
Belarus;CIS;2008;36,01
Belarus;CIS;2009;34,75
Belarus;CIS;2010;34,58
Belarus;CIS;2011;34,54
Belarus;CIS;2012;35,05
Belarus;CIS;2013;35,11
Belarus;CIS;2014;34,48
Belarus;CIS;2015;33,59
Belarus;CIS;2016;33,02
Belarus;CIS;2017;33,47
Belarus;CIS;2018;33,66
Cyprus;CYP;1997;29
Cyprus;CYP;1999;31,1
Cyprus;CYP;2000;29,1
Cyprus;CYP;2001;30,8
Cyprus;CYP;2002;32,1
Cyprus;CYP;2003;33,6
Cyprus;CYP;2004;30,1
Cyprus;CYP;2005;30,3
Cyprus;CYP;2006;31,1
Cyprus;CYP;2007;31,1
Cyprus;CYP;2008;31,7
Cyprus;CYP;2009;32,1
Cyprus;CYP;2010;31,5
Cyprus;CYP;2011;32,6
Cyprus;CYP;2012;34,3
Cyprus;CYP;2013;37
Cyprus;CYP;2014;35,6
Cyprus;CYP;2015;34
Cyprus;CYP;2016;32,9
Cyprus;CYP;2017;31,4
Cyprus;CYP;2018;32,7
Cyprus;CYP;2019;31,1
Czech Republic;CZE;1999;24
Czech Republic;CZE;2000;24
Czech Republic;CZE;2001;25
Czech Republic;CZE;2002;26,6
Czech Republic;CZE;2003;25
Czech Republic;CZE;2004;27,5
Czech Republic;CZE;2005;26,9
Czech Republic;CZE;2006;26,7
Czech Republic;CZE;2007;26
Czech Republic;CZE;2008;26,3
Czech Republic;CZE;2009;26,2
Czech Republic;CZE;2010;26,6
Czech Republic;CZE;2011;26,4
Czech Republic;CZE;2012;26,1
Czech Republic;CZE;2013;26,5
Czech Republic;CZE;2014;25,9
Czech Republic;CZE;2015;25,9
Czech Republic;CZE;2016;25,4
Czech Republic;CZE;2017;24,9
Czech Republic;CZE;2018;25
Czech Republic;CZE;2019;24
Denmark;DNK;1995;20
Denmark;DNK;1997;20
Denmark;DNK;1999;21
Denmark;DNK;2000;23,8
Denmark;DNK;2001;22
Denmark;DNK;2002;27,7
Denmark;DNK;2003;25,6
Denmark;DNK;2004;24,9
Denmark;DNK;2005;25,2
Denmark;DNK;2006;25,9
Denmark;DNK;2007;26,2
Denmark;DNK;2008;25,2
Denmark;DNK;2009;26,7
Denmark;DNK;2010;27,2
Denmark;DNK;2011;27,3
Denmark;DNK;2012;27,8
Denmark;DNK;2013;28,5
Denmark;DNK;2014;28,4
Denmark;DNK;2015;28,2
Denmark;DNK;2016;28,2
Denmark;DNK;2017;28,7
Denmark;DNK;2018;28,2
Denmark;DNK;2019;27,5
Germany;DEU;1995;29
Germany;DEU;1996;27
Germany;DEU;1997;25
Germany;DEU;1998;25
Germany;DEU;1999;25
Germany;DEU;2000;28,8
Germany;DEU;2001;30,3
Germany;DEU;2002;29,9
Germany;DEU;2003;30
Germany;DEU;2004;30,4
Germany;DEU;2005;32,1
Germany;DEU;2006;31,3
Germany;DEU;2007;31,3
Germany;DEU;2008;31,1
Germany;DEU;2009;30,5
Germany;DEU;2010;30,2
Germany;DEU;2011;30,5
Germany;DEU;2012;30,9
Germany;DEU;2013;31,1
Germany;DEU;2014;30,9
Germany;DEU;2015;31,7
Germany;DEU;2016;31,9
Germany;DEU;2017;29,1
Germany;DEU;2018;31,1
Germany;DEU;2019;29,7
Spain;ESP;1995;34
Spain;ESP;1996;34
Spain;ESP;1997;35
Spain;ESP;1998;34
Spain;ESP;1999;33
Spain;ESP;2000;34,3
Spain;ESP;2001;33
Spain;ESP;2002;31
Spain;ESP;2003;31,8
Spain;ESP;2004;33,3
Spain;ESP;2005;32,4
Spain;ESP;2006;33,5
Spain;ESP;2007;34,1
Spain;ESP;2008;34,2
Spain;ESP;2009;34,9
Spain;ESP;2010;35,2
Spain;ESP;2011;35,7
Spain;ESP;2012;35,4
Spain;ESP;2013;36,2
Spain;ESP;2014;36,1
Spain;ESP;2015;36,2
Spain;ESP;2016;35,8
Spain;ESP;2017;34,7
Spain;ESP;2018;34,7
Spain;ESP;2019;33
Estonia;EST;1999;30,5
Estonia;EST;2000;36
Estonia;EST;2001;35
Estonia;EST;2002;35
Estonia;EST;2003;37,2
Estonia;EST;2004;33,6
Estonia;EST;2005;33,4
Estonia;EST;2006;33,7
Estonia;EST;2007;31,2
Estonia;EST;2008;31,9
Estonia;EST;2009;31,4
Estonia;EST;2010;32
Estonia;EST;2011;32,5
Estonia;EST;2012;32,9
Estonia;EST;2013;35,1
Estonia;EST;2014;34,6
Estonia;EST;2015;32,7
Estonia;EST;2016;31,2
Estonia;EST;2017;30,4
Estonia;EST;2018;30,3
Estonia;EST;2019;30,5
Finland;FIN;1996;22
Finland;FIN;1997;22
Finland;FIN;1998;22
Finland;FIN;1999;24
Finland;FIN;2000;27,2
Finland;FIN;2001;27
Finland;FIN;2002;26
Finland;FIN;2003;27,7
Finland;FIN;2004;27,9
Finland;FIN;2005;27,6
Finland;FIN;2006;28
Finland;FIN;2007;28,3
Finland;FIN;2008;27,8
Finland;FIN;2009;27,5
Finland;FIN;2010;27,7
Finland;FIN;2011;27,6
Finland;FIN;2012;27,1
Finland;FIN;2013;27,2
Finland;FIN;2014;26,8
Finland;FIN;2015;27,1
Finland;FIN;2016;27,1
Finland;FIN;2017;27,4
Finland;FIN;2018;27,3
Finland;FIN;2019;26,2
France;FRA;1995;29
France;FRA;1996;29
France;FRA;1997;29
France;FRA;1998;28
France;FRA;1999;29
France;FRA;2000;31,1
France;FRA;2001;27
France;FRA;2002;27
France;FRA;2003;31,4
France;FRA;2004;30,6
France;FRA;2005;29,8
France;FRA;2006;29,7
France;FRA;2007;32,4
France;FRA;2008;33
France;FRA;2009;32,7
France;FRA;2010;33,7
France;FRA;2011;33,3
France;FRA;2012;33,1
France;FRA;2013;32,5
France;FRA;2014;32,3
France;FRA;2015;32,7
France;FRA;2016;31,9
France;FRA;2017;31,6
France;FRA;2018;32,4
France;FRA;2019;29,2
United Kingdom;GBR;1999;37
United Kingdom;GBR;2000;38,4
United Kingdom;GBR;2001;37,3
United Kingdom;GBR;2002;35,1
United Kingdom;GBR;2003;35,1
United Kingdom;GBR;2004;36
United Kingdom;GBR;2005;34,3
United Kingdom;GBR;2006;34,6
United Kingdom;GBR;2007;35,7
United Kingdom;GBR;2008;34,1
United Kingdom;GBR;2009;34,3
United Kingdom;GBR;2010;34,4
United Kingdom;GBR;2011;33,2
United Kingdom;GBR;2012;32,3
United Kingdom;GBR;2013;33,2
United Kingdom;GBR;2014;34
United Kingdom;GBR;2015;33,2
United Kingdom;GBR;2016;34,8
United Kingdom;GBR;2017;35,1
United Kingdom;GBR;2018;33,5
United Kingdom;GBR;2019;32
Georgia;GEO;1996;37,1
Georgia;GEO;1997;40,7
Georgia;GEO;1998;41,3
Georgia;GEO;1999;40,1
Georgia;GEO;2000;40,5
Georgia;GEO;2001;39,6
Georgia;GEO;2002;37,2
Georgia;GEO;2003;36,7
Georgia;GEO;2004;36,2
Georgia;GEO;2005;37,4
Georgia;GEO;2006;36,9
Georgia;GEO;2007;38,1
Georgia;GEO;2008;38,5
Georgia;GEO;2009;38,2
Georgia;GEO;2010;39,5
Georgia;GEO;2011;39,6
Georgia;GEO;2012;39
Georgia;GEO;2013;38,6
Georgia;GEO;2014;37,6
Georgia;GEO;2015;36,5
Georgia;GEO;2016;36,6
Georgia;GEO;2017;37,9
Georgia;GEO;2018;36,4
Georgia;GEO;2019;35,9
Greece;GRC;2000;34,2
Greece;GRC;2003;32,8
Greece;GRC;2004;33,6
Greece;GRC;2005;34,6
Greece;GRC;2006;35,1
Greece;GRC;2007;34
Greece;GRC;2008;33,6
Greece;GRC;2009;33,6
Greece;GRC;2010;34,1
Greece;GRC;2011;34,8
Greece;GRC;2012;36,3
Greece;GRC;2013;36,1
Greece;GRC;2014;35,8
Greece;GRC;2015;36
Greece;GRC;2016;35
Greece;GRC;2017;34,4
Greece;GRC;2018;32,9
Croatia;HRV;1998;22. Aug
Croatia;HRV;1999;29,2
Croatia;HRV;2000;29,7
Croatia;HRV;2001;29,9
Croatia;HRV;2002;29,8
Croatia;HRV;2003;30,4
Croatia;HRV;2004;30,2
Croatia;HRV;2005;30,9
Croatia;HRV;2006;30,9
Croatia;HRV;2007;31,2
Croatia;HRV;2008;31,6
Croatia;HRV;2009;32,6
Croatia;HRV;2010;32,4
Croatia;HRV;2011;32,3
Croatia;HRV;2012;32,5
Croatia;HRV;2013;32
Croatia;HRV;2014;32,1
Croatia;HRV;2015;31,1
Croatia;HRV;2016;30,9
Croatia;HRV;2017;30,4
Croatia;HRV;2018;29,7
Croatia;HRV;2019;29,2
Hungary;HUN;1999;28
Hungary;HUN;2000;26
Hungary;HUN;2001;25
Hungary;HUN;2002;24
Hungary;HUN;2003;28,2
Hungary;HUN;2004;29,9
Hungary;HUN;2005;34,7
Hungary;HUN;2006;28,3
Hungary;HUN;2007;27,9
Hungary;HUN;2008;27,5
Hungary;HUN;2009;27
Hungary;HUN;2010;29,4
Hungary;HUN;2011;29,2
Hungary;HUN;2012;30,8
Hungary;HUN;2013;31,5
Hungary;HUN;2014;30,9
Hungary;HUN;2015;30,4
Hungary;HUN;2016;30,3
Hungary;HUN;2017;30,6
Hungary;HUN;2018;29,6
Hungary;HUN;2019;28
Ireland;IRL;1995;33
Ireland;IRL;1996;33
Ireland;IRL;1997;33
Ireland;IRL;1998;34
Ireland;IRL;1999;32
Ireland;IRL;2000;33
Ireland;IRL;2001;29
Ireland;IRL;2002;32,3
Ireland;IRL;2003;32,9
Ireland;IRL;2004;33,6
Ireland;IRL;2005;33,8
Ireland;IRL;2006;32,7
Ireland;IRL;2007;31,9
Ireland;IRL;2008;30,9
Ireland;IRL;2009;32,7
Ireland;IRL;2010;32,3
Ireland;IRL;2011;32,9
Ireland;IRL;2012;33,2
Ireland;IRL;2013;33,5
Ireland;IRL;2014;31,9
Ireland;IRL;2015;31,8
Ireland;IRL;2016;32,8
Ireland;IRL;2017;31,4
Ireland;IRL;2018;28,9
Ireland;IRL;2019;28,3
Iceland;ISL;2000;23,2
Iceland;ISL;2001;25,2
Iceland;ISL;2002;24,1
Iceland;ISL;2003;26,8
Iceland;ISL;2004;28
Iceland;ISL;2005;29
Iceland;ISL;2006;30,2
Iceland;ISL;2007;29,5
Iceland;ISL;2008;31,8
Iceland;ISL;2009;28,7
Iceland;ISL;2010;26,2
Iceland;ISL;2011;26,8
Iceland;ISL;2012;26,8
Iceland;ISL;2013;25,4
Iceland;ISL;2014;27,8
Iceland;ISL;2015;26,8
Iceland;ISL;2016;27,2
Iceland;ISL;2017;26,1
Iceland;ISL;2018;23,2
Israel;ISR;1997;38,1
Israel;ISR;2001;38,9
Israel;ISR;2005;41,8
Israel;ISR;2007;41,1
Israel;ISR;2010;42,5
Israel;ISR;2012;41,3
Israel;ISR;2014;39,8
Israel;ISR;2016;39
Italy;ITA;1995;33
Italy;ITA;1996;32
Italy;ITA;1997;31
Italy;ITA;1998;31
Italy;ITA;1999;30
Italy;ITA;2000;35,3
Italy;ITA;2001;29
Italy;ITA;2002;33,1
Italy;ITA;2003;34,9
Italy;ITA;2004;34,3
Italy;ITA;2005;33,8
Italy;ITA;2006;33,7
Italy;ITA;2007;32,9
Italy;ITA;2008;33,8
Italy;ITA;2009;33,8
Italy;ITA;2010;34,7
Italy;ITA;2011;35,1
Italy;ITA;2012;35,2
Italy;ITA;2013;34,9
Italy;ITA;2014;34,7
Italy;ITA;2015;35,4
Italy;ITA;2016;35,2
Italy;ITA;2017;35,9
Italy;ITA;2018;33,4
Italy;ITA;2019;32,8
Kazakhstan;KAZ;1996;35,4
Kazakhstan;KAZ;2001;36
Kazakhstan;KAZ;2002;34,8
Kazakhstan;KAZ;2003;33,7
Kazakhstan;KAZ;2004;31,8
Kazakhstan;KAZ;2005;39,8
Kazakhstan;KAZ;2006;30,2
Kazakhstan;KAZ;2007;30,1
Kazakhstan;KAZ;2008;28,5
Kazakhstan;KAZ;2009;28,2
Kazakhstan;KAZ;2010;28
Kazakhstan;KAZ;2011;28
Kazakhstan;KAZ;2012;28,2
Kazakhstan;KAZ;2013;27,1
Kazakhstan;KAZ;2014;27
Kazakhstan;KAZ;2015;26,8
Kazakhstan;KAZ;2016;27,2
Kazakhstan;KAZ;2017;27,5
Kazakhstan;KAZ;2018;27,8
Kyrgyz Republic;KGZ;1998;46,4
Kyrgyz Republic;KGZ;2000;31
Kyrgyz Republic;KGZ;2001;30,2
Kyrgyz Republic;KGZ;2002;30,3
Kyrgyz Republic;KGZ;2003;28,7
Kyrgyz Republic;KGZ;2004;34,8
Kyrgyz Republic;KGZ;2005;32,6
Kyrgyz Republic;KGZ;2006;37,4
Kyrgyz Republic;KGZ;2007;33,9
Kyrgyz Republic;KGZ;2008;31,5
Kyrgyz Republic;KGZ;2009;29,9
Kyrgyz Republic;KGZ;2010;30,1
Kyrgyz Republic;KGZ;2011;27,8
Kyrgyz Republic;KGZ;2012;27,4
Kyrgyz Republic;KGZ;2013;28,8
Kyrgyz Republic;KGZ;2014;26,8
Kyrgyz Republic;KGZ;2015;29
Kyrgyz Republic;KGZ;2016;26,8
Kyrgyz Republic;KGZ;2017;27,3
Kyrgyz Republic;KGZ;2018;27,7
Kyrgyz Republic;KGZ;2019;29,7
Lithuania;LTU;1999;35,4
Lithuania;LTU;2000;31
Lithuania;LTU;2001;31
Lithuania;LTU;2002;37
Lithuania;LTU;2003;37,9
Lithuania;LTU;2004;37
Lithuania;LTU;2005;35,3
Lithuania;LTU;2006;34,4
Lithuania;LTU;2007;34,8
Lithuania;LTU;2008;35,7
Lithuania;LTU;2009;37,2
Lithuania;LTU;2010;33,6
Lithuania;LTU;2011;32,5
Lithuania;LTU;2012;35,1
Lithuania;LTU;2013;35,3
Lithuania;LTU;2014;37,7
Lithuania;LTU;2015;37,4
Lithuania;LTU;2016;38,4
Lithuania;LTU;2017;37,3
Lithuania;LTU;2018;35,7
Lithuania;LTU;2019;35,4
Luxembourg;LUX;1995;29
Luxembourg;LUX;1996;28
Luxembourg;LUX;1997;25
Luxembourg;LUX;1998;26
Luxembourg;LUX;1999;27
Luxembourg;LUX;2000;30,4
Luxembourg;LUX;2001;27
Luxembourg;LUX;2002;29,6
Luxembourg;LUX;2003;30,2
Luxembourg;LUX;2004;30,2
Luxembourg;LUX;2005;30,8
Luxembourg;LUX;2006;30,9
Luxembourg;LUX;2007;31,1
Luxembourg;LUX;2008;32,6
Luxembourg;LUX;2009;31,2
Luxembourg;LUX;2010;30,5
Luxembourg;LUX;2011;32,1
Luxembourg;LUX;2012;34,3
Luxembourg;LUX;2013;32
Luxembourg;LUX;2014;31,2
Luxembourg;LUX;2015;32,9
Luxembourg;LUX;2016;31,7
Luxembourg;LUX;2017;34,5
Luxembourg;LUX;2018;35,4
Luxembourg;LUX;2019;32,3
Lettland;LVA;1999;35,2
Lettland;LVA;2000;34
Lettland;LVA;2001;34,5
Lettland;LVA;2002;34,5
Lettland;LVA;2003;35,4
Lettland;LVA;2004;36,4
Lettland;LVA;2005;39
Lettland;LVA;2006;35,6
Lettland;LVA;2007;37,5
Lettland;LVA;2008;37,2
Lettland;LVA;2009;36
Lettland;LVA;2010;35
Lettland;LVA;2011;35,8
Lettland;LVA;2012;35,2
Lettland;LVA;2013;35,5
Lettland;LVA;2014;35,1
Lettland;LVA;2015;34,2
Lettland;LVA;2016;34,3
Lettland;LVA;2017;35,6
Lettland;LVA;2018;35,1
Lettland;LVA;2019;35,2
Moldava;MDA;1997;36,9
Moldava;MDA;1998;39,5
Moldava;MDA;1999;42,6
Moldava;MDA;2000;36,4
Moldava;MDA;2001;38
Moldava;MDA;2002;35,8
Moldava;MDA;2003;34,9
Moldava;MDA;2004;35
Moldava;MDA;2005;36,3
Moldava;MDA;2006;35,4
Moldava;MDA;2007;34,4
Moldava;MDA;2008;34,7
Moldava;MDA;2009;32,9
Moldava;MDA;2010;32,1
Moldava;MDA;2011;30,6
Moldava;MDA;2012;29,2
Moldava;MDA;2013;28,5
Moldava;MDA;2014;26,8
Moldava;MDA;2015;27
Moldava;MDA;2016;26,3
Moldava;MDA;2017;25,9
Moldava;MDA;2018;25,7
Macedonia;MKD;1999;30,7
Macedonia;MKD;2000;31,9
Macedonia;MKD;2001;32,4
Macedonia;MKD;2002;33,6
Macedonia;MKD;2003;33,7
Macedonia;MKD;2004;35,2
Macedonia;MKD;2005;37
Macedonia;MKD;2006;38,8
Macedonia;MKD;2009;42,8
Macedonia;MKD;2010;40,2
Macedonia;MKD;2011;39,4
Macedonia;MKD;2012;38,1
Macedonia;MKD;2013;36,2
Macedonia;MKD;2014;35,2
Macedonia;MKD;2015;35,6
Macedonia;MKD;2016;34,5
Macedonia;MKD;2017;34,2
Macedonia;MKD;2018;33
Macedonia;MKD;2019;30,7
Malta;MLT;1999;28
Malta;MLT;2000;30
Malta;MLT;2001;28,2
Malta;MLT;2002;28,6
Malta;MLT;2003;28,1
Malta;MLT;2004;27,7
Malta;MLT;2005;27
Malta;MLT;2006;28
Malta;MLT;2007;29,2
Malta;MLT;2008;29
Malta;MLT;2009;30,2
Malta;MLT;2010;29
Malta;MLT;2011;29,1
Malta;MLT;2012;29,4
Malta;MLT;2013;28,8
Malta;MLT;2014;29
Malta;MLT;2015;29,4
Malta;MLT;2016;29,1
Malta;MLT;2017;29,2
Malta;MLT;2018;28,7
Malta;MLT;2019;28
Montenegro;MNE;1999;34,1
Montenegro;MNE;2000;34,7
Montenegro;MNE;2001;36,7
Montenegro;MNE;2002;36,5
Montenegro;MNE;2003;36,5
Montenegro;MNE;2004;36,5
Montenegro;MNE;2005;38,5
Montenegro;MNE;2006;30
Montenegro;MNE;2007;31,4
Montenegro;MNE;2008;30,5
Montenegro;MNE;2009;31
Montenegro;MNE;2010;28,9
Montenegro;MNE;2011;30,8
Montenegro;MNE;2012;41,2
Montenegro;MNE;2013;39
Montenegro;MNE;2014;38,8
Montenegro;MNE;2015;39
Montenegro;MNE;2016;38,5
Montenegro;MNE;2017;36,7
Montenegro;MNE;2018;34,7
Montenegro;MNE;2019;34,1
Netherlands;NLD;1995;29
Netherlands;NLD;1996;29
Netherlands;NLD;1997;26
Netherlands;NLD;1998;25
Netherlands;NLD;1999;28,1
Netherlands;NLD;2000;29
Netherlands;NLD;2001;27
Netherlands;NLD;2002;27
Netherlands;NLD;2003;26,7
Netherlands;NLD;2004;29,8
Netherlands;NLD;2005;29
Netherlands;NLD;2006;30
Netherlands;NLD;2007;29,6
Netherlands;NLD;2008;29,3
Netherlands;NLD;2009;27,9
Netherlands;NLD;2010;27,8
Netherlands;NLD;2011;27,8
Netherlands;NLD;2012;27,6
Netherlands;NLD;2013;28,1
Netherlands;NLD;2014;28,6
Netherlands;NLD;2015;28,2
Netherlands;NLD;2016;28,2
Netherlands;NLD;2017;28,5
Netherlands;NLD;2018;28,1
Netherlands;NLD;2019;26,8
Norway;NOR;1999;25,4
Norway;NOR;2000;27,4
Norway;NOR;2001;26,1
Norway;NOR;2002;25
Norway;NOR;2003;27,6
Norway;NOR;2004;31,6
Norway;NOR;2005;30,6
Norway;NOR;2006;26,4
Norway;NOR;2007;27,1
Norway;NOR;2008;27
Norway;NOR;2009;26,2
Norway;NOR;2010;25,7
Norway;NOR;2011;25,3
Norway;NOR;2012;25,7
Norway;NOR;2013;26,4
Norway;NOR;2014;26,8
Norway;NOR;2015;27,5
Norway;NOR;2016;28,5
Norway;NOR;2017;27
Norway;NOR;2018;27,6
Norway;NOR;2019;25,4
;;;
;;;
;;;
;;;
;;;
;;;
;;;
;;;
;;;
;;;
;;;
;;;
;;;
;;;
;;;
;;;
;;;
;;;
;;;
;;;
;;;
;;;
Poland;POL;1999;28,5
Poland;POL;2000;30
Poland;POL;2001;30
Poland;POL;2002;29,8
Poland;POL;2003;30,6
Poland;POL;2004;38
Poland;POL;2005;35,8
Poland;POL;2006;34,7
Poland;POL;2007;34
Poland;POL;2008;33,5
Poland;POL;2009;33,4
Poland;POL;2010;33,2
Poland;POL;2011;33,2
Poland;POL;2012;33
Poland;POL;2013;33,1
Poland;POL;2014;32,8
Poland;POL;2015;31,8
Poland;POL;2016;31,2
Poland;POL;2017;29,7
Poland;POL;2018;30,2
Poland;POL;2019;28,5
Portugal;PRT;1995;37
Portugal;PRT;1996;36
Portugal;PRT;1997;36
Portugal;PRT;1998;37
Portugal;PRT;1999;36
Portugal;PRT;2000;36
Portugal;PRT;2001;37
Portugal;PRT;2002;33,9
Portugal;PRT;2003;38,8
Portugal;PRT;2004;38,9
Portugal;PRT;2005;38,5
Portugal;PRT;2006;38,1
Portugal;PRT;2007;36,8
Portugal;PRT;2008;36,6
Portugal;PRT;2009;34,9
Portugal;PRT;2010;35,8
Portugal;PRT;2011;36,3
Portugal;PRT;2012;36
Portugal;PRT;2013;36,2
Portugal;PRT;2014;35,6
Portugal;PRT;2015;35,5
Portugal;PRT;2016;35,2
Portugal;PRT;2017;33,8
Portugal;PRT;2018;33,5
Portugal;PRT;2019;31,9
Romania;ROU;1999;34,8
Romania;ROU;2000;29
Romania;ROU;2001;30
Romania;ROU;2002;30
Romania;ROU;2003;37,4
Romania;ROU;2004;35
Romania;ROU;2005;34,6
Romania;ROU;2006;39,6
Romania;ROU;2007;37,5
Romania;ROU;2008;36,4
Romania;ROU;2009;35,6
Romania;ROU;2010;35,5
Romania;ROU;2011;35,9
Romania;ROU;2012;36,5
Romania;ROU;2013;36,9
Romania;ROU;2014;36
Romania;ROU;2015;35,9
Romania;ROU;2016;34,4
Romania;ROU;2017;36
Romania;ROU;2018;35,8
Romania;ROU;2019;34,8
Russian Federation;RUS;1996;46,1
Russian Federation;RUS;1997;38,4
Russian Federation;RUS;1998;38,1
Russian Federation;RUS;1999;37,4
Russian Federation;RUS;2000;37,1
Russian Federation;RUS;2001;36,9
Russian Federation;RUS;2002;37,3
Russian Federation;RUS;2003;40
Russian Federation;RUS;2004;40,3
Russian Federation;RUS;2005;41,3
Russian Federation;RUS;2006;41
Russian Federation;RUS;2007;42,3
Russian Federation;RUS;2008;41,6
Russian Federation;RUS;2009;39,8
Russian Federation;RUS;2010;39,5
Russian Federation;RUS;2011;39,7
Russian Federation;RUS;2012;40,7
Russian Federation;RUS;2013;40,9
Russian Federation;RUS;2014;39,9
Russian Federation;RUS;2015;37,7
Russian Federation;RUS;2016;36,8
Russian Federation;RUS;2017;37,2
Russian Federation;RUS;2018;37,5
;;;
;;;
;;;
;;;
;;;
;;;
;;;
;;;
;;;
;;;
;;;
;;;
;;;
;;;
;;;
;;;
;;;
;;;
;;;
;;;
;;;
;;;
;;;
;;;
;;;
;;;
;;;
;;;
;;;
;;;
;;;
;;;
;;;
;;;
;;;
;;;
;;;
;;;
;;;
;;;
;;;
;;;
Serbia;SRB;1999;33,3
Serbia;SRB;2000;35,6
Serbia;SRB;2001;37,8
Serbia;SRB;2002;39,8
Serbia;SRB;2003;40
Serbia;SRB;2004;38,3
Serbia;SRB;2005;38
Serbia;SRB;2012;39,9
Serbia;SRB;2013;39,5
Serbia;SRB;2014;40,5
Serbia;SRB;2015;40,5
Serbia;SRB;2016;38,8
Serbia;SRB;2017;36,2
Serbia;SRB;2018;35,6
Serbia;SRB;2019;33,3
Slovak Republic;SVK;1999;22,8
Slovak Republic;SVK;2000;20,9
Slovak Republic;SVK;2001;23,2
Slovak Republic;SVK;2002;24,3
Slovak Republic;SVK;2003;23,7
Slovak Republic;SVK;2004;27,1
Slovak Republic;SVK;2005;29,3
Slovak Republic;SVK;2006;25,8
Slovak Republic;SVK;2007;24,7
Slovak Republic;SVK;2008;26
Slovak Republic;SVK;2009;27,2
Slovak Republic;SVK;2010;27,3
Slovak Republic;SVK;2011;26,5
Slovak Republic;SVK;2012;26,1
Slovak Republic;SVK;2013;28,1
Slovak Republic;SVK;2014;26,1
Slovak Republic;SVK;2015;26,5
Slovak Republic;SVK;2016;25,2
Slovak Republic;SVK;2017;23,2
Slovak Republic;SVK;2018;25
Slovak Republic;SVK;2019;22,8
Slovenia;SVN;1999;23,9
Slovenia;SVN;2000;22
Slovenia;SVN;2001;22
Slovenia;SVN;2002;22
Slovenia;SVN;2003;24,5
Slovenia;SVN;2004;24,8
Slovenia;SVN;2005;24,6
Slovenia;SVN;2006;24,4
Slovenia;SVN;2007;24,4
Slovenia;SVN;2008;23,7
Slovenia;SVN;2009;24,8
Slovenia;SVN;2010;24,9
Slovenia;SVN;2011;24,9
Slovenia;SVN;2012;25,6
Slovenia;SVN;2013;26,2
Slovenia;SVN;2014;25,7
Slovenia;SVN;2015;25,4
Slovenia;SVN;2016;24,8
Slovenia;SVN;2017;24,2
Slovenia;SVN;2018;24,6
Slovenia;SVN;2019;23,9
Sweden;SWE;1997;21
Sweden;SWE;1999;22
Sweden;SWE;2000;27,2
Sweden;SWE;2001;24
Sweden;SWE;2002;23
Sweden;SWE;2003;25,3
Sweden;SWE;2004;26,1
Sweden;SWE;2005;26,8
Sweden;SWE;2006;26,4
Sweden;SWE;2007;27,1
Sweden;SWE;2008;28,1
Sweden;SWE;2009;27,3
Sweden;SWE;2010;27,7
Sweden;SWE;2011;27,6
Sweden;SWE;2012;27,6
Sweden;SWE;2013;28,8
Sweden;SWE;2014;28,4
Sweden;SWE;2015;29,2
Sweden;SWE;2016;29,6
Sweden;SWE;2017;28,8
Sweden;SWE;2018;30
Sweden;SWE;2019;27,6
;;;
;;;
;;;
;;;
;;;
;;;
;;;
Turkey;TUR;1999;41,7
Turkey;TUR;2000;43
Turkey;TUR;2001;43
Turkey;TUR;2002;41,4
Turkey;TUR;2003;42,2
Turkey;TUR;2004;41,3
Turkey;TUR;2005;42,6
Turkey;TUR;2006;39,6
Turkey;TUR;2007;38,4
Turkey;TUR;2008;39
Turkey;TUR;2009;39
Turkey;TUR;2010;38,8
Turkey;TUR;2011;40
Turkey;TUR;2012;40,2
Turkey;TUR;2013;40,2
Turkey;TUR;2014;41,2
Turkey;TUR;2015;42,9
Turkey;TUR;2016;41,9
Turkey;TUR;2017;41,4
Turkey;TUR;2018;41,9
Turkey;TUR;2019;41,9
Ukraine;UKR;1995;39,3
Ukraine;UKR;1996;35,2
Ukraine;UKR;2002;29
Ukraine;UKR;2003;28,7
Ukraine;UKR;2004;28,9
Ukraine;UKR;2005;29
Ukraine;UKR;2006;29,8
Ukraine;UKR;2007;27
Ukraine;UKR;2008;26,6
Ukraine;UKR;2009;25,3
Ukraine;UKR;2010;24,8
Ukraine;UKR;2011;24,6
Ukraine;UKR;2012;24,7
Ukraine;UKR;2013;24,6
Ukraine;UKR;2014;24
Ukraine;UKR;2015;25,5
Ukraine;UKR;2016;25
Ukraine;UKR;2017;26
Ukraine;UKR;2018;26,1
Ukraine;UKR;2019;26,6
;;;
;;;
;;;
;;;
